PRAGMA foreign_keys=OFF;
BEGIN TRANSACTION;
CREATE TABLE "schema_migrations" ("version" varchar(255) NOT NULL);
INSERT INTO "schema_migrations" VALUES('20130304080313');
INSERT INTO "schema_migrations" VALUES('20130304080838');
INSERT INTO "schema_migrations" VALUES('20130305114252');
INSERT INTO "schema_migrations" VALUES('20130306192037');
INSERT INTO "schema_migrations" VALUES('20130306205759');
INSERT INTO "schema_migrations" VALUES('20130306210206');
INSERT INTO "schema_migrations" VALUES('20130309073602');
INSERT INTO "schema_migrations" VALUES('20130310192641');
INSERT INTO "schema_migrations" VALUES('20130313215214');
INSERT INTO "schema_migrations" VALUES('20130313215355');
INSERT INTO "schema_migrations" VALUES('20130313215442');
INSERT INTO "schema_migrations" VALUES('20130313215523');
INSERT INTO "schema_migrations" VALUES('20130313215600');
INSERT INTO "schema_migrations" VALUES('20130313215622');
INSERT INTO "schema_migrations" VALUES('20130313215642');
INSERT INTO "schema_migrations" VALUES('20130313215656');
INSERT INTO "schema_migrations" VALUES('20130313220906');
INSERT INTO "schema_migrations" VALUES('20130314090507');
INSERT INTO "schema_migrations" VALUES('20130314090549');
INSERT INTO "schema_migrations" VALUES('20130315071244');
INSERT INTO "schema_migrations" VALUES('20130315173402');
INSERT INTO "schema_migrations" VALUES('20130315174027');
INSERT INTO "schema_migrations" VALUES('20130315175033');
INSERT INTO "schema_migrations" VALUES('20130315181331');
INSERT INTO "schema_migrations" VALUES('20130326060954');
INSERT INTO "schema_migrations" VALUES('20130326061242');
CREATE TABLE "items" ("id" INTEGER PRIMARY KEY AUTOINCREMENT NOT NULL, "name" varchar(255), "description" text, "status" varchar(255), "created_at" datetime, "updated_at" datetime, "ingredients_id" integer);
CREATE TABLE "orders" ("id" INTEGER PRIMARY KEY AUTOINCREMENT NOT NULL, "user_id" varchar(255), "addr" text, "time" datetime, "status" varchar(255), "info" text, "created_at" datetime, "updated_at" datetime);
CREATE TABLE "views" ("id" INTEGER PRIMARY KEY AUTOINCREMENT NOT NULL, "email" varchar(255) DEFAULT '' NOT NULL, "encrypted_password" varchar(255) DEFAULT '' NOT NULL, "reset_password_token" varchar(255), "reset_password_sent_at" datetime, "remember_created_at" datetime, "sign_in_count" integer DEFAULT 0, "current_sign_in_at" datetime, "last_sign_in_at" datetime, "current_sign_in_ip" varchar(255), "last_sign_in_ip" varchar(255), "created_at" datetime, "updated_at" datetime);
CREATE TABLE "users" ("id" INTEGER PRIMARY KEY AUTOINCREMENT NOT NULL, "email" varchar(255) DEFAULT '' NOT NULL, "encrypted_password" varchar(255) DEFAULT '' NOT NULL, "reset_password_token" varchar(255), "reset_password_sent_at" datetime, "remember_created_at" datetime, "sign_in_count" integer DEFAULT 0, "current_sign_in_at" datetime, "last_sign_in_at" datetime, "current_sign_in_ip" varchar(255), "last_sign_in_ip" varchar(255), "created_at" datetime, "updated_at" datetime);
INSERT INTO "users" VALUES(1,'veontomo@gmail.com',X'24326124313024426B335547684E6866503336567976735553717A69656E36586962696738572E4D72566F4C7048306575425779417643796838394B',NULL,NULL,NULL,2,'2013-03-31 15:03:38.579183','2013-03-31 13:34:37.184654','127.0.0.1','127.0.0.1','2013-03-31 13:34:37.012791','2013-03-31 15:03:38.593310');
CREATE TABLE "roles" ("id" INTEGER PRIMARY KEY AUTOINCREMENT NOT NULL, "name" varchar(255), "created_at" datetime, "updated_at" datetime);
INSERT INTO "roles" VALUES(1,'root','2013-03-25 23:28:36.786058','2013-03-25 23:28:36.786058');
INSERT INTO "roles" VALUES(2,'admin','2013-03-25 23:28:36.939994','2013-03-25 23:28:36.939994');
INSERT INTO "roles" VALUES(3,'registered','2013-03-25 23:28:37.057557','2013-03-25 23:28:37.057557');
INSERT INTO "roles" VALUES(4,'guest','2013-03-25 23:28:37.184010','2013-03-25 23:28:37.184010');
CREATE TABLE "roles_users" ("role_id" integer, "user_id" integer);
INSERT INTO "roles_users" VALUES(2,1);
CREATE TABLE "ingredients" ("id" INTEGER PRIMARY KEY AUTOINCREMENT NOT NULL, "name" varchar(255), "description" text, "created_at" datetime, "updated_at" datetime);
INSERT INTO "ingredients" VALUES(1,'maionese',NULL,'2013-03-25 23:28:42.299505','2013-03-25 23:28:42.299505');
INSERT INTO "ingredients" VALUES(2,'tabasco',NULL,'2013-03-25 23:28:42.415630','2013-03-25 23:28:42.415630');
INSERT INTO "ingredients" VALUES(3,'salame piccante',NULL,'2013-03-25 23:28:42.533404','2013-03-25 23:28:42.533404');
INSERT INTO "ingredients" VALUES(4,'mozzarella',NULL,'2013-03-25 23:28:42.660990','2013-03-25 23:28:42.660990');
INSERT INTO "ingredients" VALUES(5,'prosciutto crudo',NULL,'2013-03-25 23:28:42.762249','2013-03-25 23:28:42.762249');
INSERT INTO "ingredients" VALUES(6,'funghi',NULL,'2013-03-25 23:28:42.863679','2013-03-25 23:28:42.863679');
INSERT INTO "ingredients" VALUES(7,'insalata',NULL,'2013-03-25 23:28:42.973386','2013-03-25 23:28:42.973386');
INSERT INTO "ingredients" VALUES(8,'salsa tonnata',NULL,'2013-03-25 23:28:43.082393','2013-03-25 23:28:43.082393');
INSERT INTO "ingredients" VALUES(9,'prosciutto cotto',NULL,'2013-03-25 23:28:43.198805','2013-03-25 23:28:43.198805');
INSERT INTO "ingredients" VALUES(10,'pomodori',NULL,'2013-03-25 23:28:43.320491','2013-03-25 23:28:43.320491');
INSERT INTO "ingredients" VALUES(11,'carciofini',NULL,'2013-03-25 23:28:43.421903','2013-03-25 23:28:43.421903');
INSERT INTO "ingredients" VALUES(12,'salsa piccante',NULL,'2013-03-25 23:28:43.531640','2013-03-25 23:28:43.531640');
INSERT INTO "ingredients" VALUES(13,'peperoni',NULL,'2013-03-25 23:28:43.649577','2013-03-25 23:28:43.649577');
INSERT INTO "ingredients" VALUES(14,'speck',NULL,'2013-03-25 23:28:43.767530','2013-03-25 23:28:43.767530');
INSERT INTO "ingredients" VALUES(15,'edamer',NULL,'2013-03-25 23:28:43.883255','2013-03-25 23:28:43.883255');
INSERT INTO "ingredients" VALUES(16,'parmigiano',NULL,'2013-03-25 23:28:44.005354','2013-03-25 23:28:44.005354');
INSERT INTO "ingredients" VALUES(17,'rucola',NULL,'2013-03-25 23:28:44.114117','2013-03-25 23:28:44.114117');
INSERT INTO "ingredients" VALUES(18,'wurstel',NULL,'2013-03-25 23:28:44.238933','2013-03-25 23:28:44.238933');
INSERT INTO "ingredients" VALUES(19,'verza',NULL,'2013-03-25 23:28:44.367711','2013-03-25 23:28:44.367711');
INSERT INTO "ingredients" VALUES(20,'senape dolce',NULL,'2013-03-25 23:28:44.494173','2013-03-25 23:28:44.494173');
INSERT INTO "ingredients" VALUES(21,'salsa ai funghi porcini',NULL,'2013-03-25 23:28:44.628956','2013-03-25 23:28:44.628956');
INSERT INTO "ingredients" VALUES(22,'melanzane',NULL,'2013-03-25 23:28:44.748038','2013-03-25 23:28:44.748038');
INSERT INTO "ingredients" VALUES(23,'tonno',NULL,'2013-03-25 23:28:44.909060','2013-03-25 23:28:44.909060');
INSERT INTO "ingredients" VALUES(24,'salsa messicana',NULL,'2013-03-25 23:28:45.034381','2013-03-25 23:28:45.034381');
INSERT INTO "ingredients" VALUES(25,'panatina di pollo',NULL,'2013-03-25 23:28:45.160614','2013-03-25 23:28:45.160614');
INSERT INTO "ingredients" VALUES(26,'limone',NULL,'2013-03-25 23:28:45.295266','2013-03-25 23:28:45.295266');
INSERT INTO "ingredients" VALUES(27,'crema di formaggio',NULL,'2013-03-25 23:28:45.413413','2013-03-25 23:28:45.413413');
INSERT INTO "ingredients" VALUES(28,'salsa rosa',NULL,'2013-03-25 23:28:45.531241','2013-03-25 23:28:45.531241');
INSERT INTO "ingredients" VALUES(29,'melanzane grigliate',NULL,'2013-03-25 23:28:45.659009','2013-03-25 23:28:45.659009');
INSERT INTO "ingredients" VALUES(30,'alici',NULL,'2013-03-25 23:28:45.785474','2013-03-25 23:28:45.785474');
INSERT INTO "ingredients" VALUES(31,'pachino',NULL,'2013-03-25 23:28:45.920239','2013-03-25 23:28:45.920239');
INSERT INTO "ingredients" VALUES(32,'origano',NULL,'2013-03-25 23:28:46.029939','2013-03-25 23:28:46.029939');
INSERT INTO "ingredients" VALUES(33,'bresaola',NULL,'2013-03-25 23:28:46.139695','2013-03-25 23:28:46.139695');
INSERT INTO "ingredients" VALUES(34,'funghetti',NULL,'2013-03-25 23:28:46.257628','2013-03-25 23:28:46.257628');
INSERT INTO "ingredients" VALUES(35,'salmone',NULL,'2013-03-25 23:28:46.386218','2013-03-25 23:28:46.386218');
INSERT INTO "ingredients" VALUES(36,'pepe',NULL,'2013-03-25 23:28:46.519968','2013-03-25 23:28:46.519968');
INSERT INTO "ingredients" VALUES(37,'hamburger',NULL,'2013-03-25 23:28:46.646202','2013-03-25 23:28:46.646202');
INSERT INTO "ingredients" VALUES(38,'spinaci',NULL,'2013-03-25 23:28:46.761925','2013-03-25 23:28:46.761925');
INSERT INTO "ingredients" VALUES(39,'salsiccia',NULL,'2013-03-25 23:28:46.874257','2013-03-25 23:28:46.874257');
INSERT INTO "ingredients" VALUES(40,'cipolla',NULL,'2013-03-25 23:28:46.992191','2013-03-25 23:28:46.992191');
INSERT INTO "ingredients" VALUES(41,'pancetta',NULL,'2013-03-25 23:28:47.119747','2013-03-25 23:28:47.119747');
INSERT INTO "ingredients" VALUES(42,'caciotta',NULL,'2013-03-25 23:28:47.237545','2013-03-25 23:28:47.237545');
INSERT INTO "ingredients" VALUES(43,'panatina di pollo farcita con edamer',NULL,'2013-03-25 23:28:47.355848','2013-03-25 23:28:47.355848');
INSERT INTO "ingredients" VALUES(44,'tartufo',NULL,'2013-03-25 23:28:47.471799','2013-03-25 23:28:47.471799');
INSERT INTO "ingredients" VALUES(45,'radicchio grigliato',NULL,'2013-03-25 23:28:47.589484','2013-03-25 23:28:47.589484');
INSERT INTO "ingredients" VALUES(46,'surimi',NULL,'2013-03-25 23:28:47.708608','2013-03-25 23:28:47.708608');
INSERT INTO "ingredients" VALUES(47,'gamberetti',NULL,'2013-03-25 23:28:47.819094','2013-03-25 23:28:47.819094');
INSERT INTO "ingredients" VALUES(48,'polpette di pollo e tacchino',NULL,'2013-03-25 23:28:47.939415','2013-03-25 23:28:47.939415');
INSERT INTO "ingredients" VALUES(49,'formaggio piccante',NULL,'2013-03-25 23:28:48.054978','2013-03-25 23:28:48.054978');
INSERT INTO "ingredients" VALUES(50,'formaggio alle erbe',NULL,'2013-03-25 23:28:48.173322','2013-03-25 23:28:48.173322');
INSERT INTO "ingredients" VALUES(51,'cetrioli',NULL,'2013-03-25 23:28:48.291480','2013-03-25 23:28:48.291480');
INSERT INTO "ingredients" VALUES(52,'ketchup',NULL,'2013-03-25 23:28:48.417490','2013-03-25 23:28:48.417490');
INSERT INTO "ingredients" VALUES(53,'salsa mac',NULL,'2013-03-25 23:28:48.536721','2013-03-25 23:28:48.536721');
INSERT INTO "ingredients" VALUES(54,'formaggio fuso',NULL,'2013-03-25 23:28:48.654805','2013-03-25 23:28:48.654805');
INSERT INTO "ingredients" VALUES(55,'asparagi',NULL,'2013-03-25 23:28:48.767283','2013-03-25 23:28:48.767283');
INSERT INTO "ingredients" VALUES(56,'arrosto di tacchino',NULL,'2013-03-25 23:28:48.885163','2013-03-25 23:28:48.885163');
INSERT INTO "ingredients" VALUES(57,'formaggio bianco',NULL,'2013-03-25 23:28:49.011554','2013-03-25 23:28:49.011554');
INSERT INTO "ingredients" VALUES(58,'salsa allo yogurt',NULL,'2013-03-25 23:28:49.129624','2013-03-25 23:28:49.129624');
INSERT INTO "ingredients" VALUES(59,'formaggio',NULL,'2013-03-25 23:28:49.257334','2013-03-25 23:28:49.257334');
INSERT INTO "ingredients" VALUES(60,'salsa barbeque',NULL,'2013-03-25 23:28:49.373911','2013-03-25 23:28:49.373911');
INSERT INTO "ingredients" VALUES(61,'gorgonzola',NULL,'2013-03-25 23:28:49.502339','2013-03-25 23:28:49.502339');
INSERT INTO "ingredients" VALUES(62,'pancetta croccante',NULL,'2013-03-25 23:28:49.620515','2013-03-25 23:28:49.620515');
INSERT INTO "ingredients" VALUES(63,'salsa kebab',NULL,'2013-03-25 23:28:49.735992','2013-03-25 23:28:49.735992');
INSERT INTO "ingredients" VALUES(64,'fesa di tacchino',NULL,'2013-03-25 23:28:49.857971','2013-03-25 23:28:49.857971');
INSERT INTO "ingredients" VALUES(65,'senape',NULL,'2013-03-25 23:28:49.973361','2013-03-25 23:28:49.973361');
INSERT INTO "ingredients" VALUES(66,'wurstel gigante',NULL,'2013-03-25 23:28:50.092855','2013-03-25 23:28:50.092855');
INSERT INTO "ingredients" VALUES(67,'basilico',NULL,'2013-03-25 23:28:50.217747','2013-03-25 23:28:50.217747');
INSERT INTO "ingredients" VALUES(68,'lardo di colonnata',NULL,'2013-03-25 23:28:50.335859','2013-03-25 23:28:50.335859');
INSERT INTO "ingredients" VALUES(69,'miele',NULL,'2013-03-25 23:28:50.448337','2013-03-25 23:28:50.448337');
INSERT INTO "ingredients" VALUES(70,'mix di spezie',NULL,'2013-03-25 23:28:50.576103','2013-03-25 23:28:50.576103');
INSERT INTO "ingredients" VALUES(71,'pinoli',NULL,'2013-03-25 23:28:50.685748','2013-03-25 23:28:50.685748');
INSERT INTO "ingredients" VALUES(72,'ruchetta',NULL,'2013-03-25 23:28:50.787136','2013-03-25 23:28:50.787136');
INSERT INTO "ingredients" VALUES(73,'funghi porcini',NULL,'2013-03-25 23:28:50.896851','2013-03-25 23:28:50.896851');
INSERT INTO "ingredients" VALUES(74,'radicchio',NULL,'2013-03-25 23:28:51.006685','2013-03-25 23:28:51.006685');
INSERT INTO "ingredients" VALUES(75,'profumo di tartufo',NULL,'2013-03-25 23:28:51.132740','2013-03-25 23:28:51.132740');
INSERT INTO "ingredients" VALUES(76,'capperi',NULL,'2013-03-25 23:28:51.250754','2013-03-25 23:28:51.250754');
INSERT INTO "ingredients" VALUES(77,'insalata verde',NULL,'2013-03-25 23:28:51.353071','2013-03-25 23:28:51.353071');
INSERT INTO "ingredients" VALUES(78,'mais',NULL,'2013-03-25 23:28:51.460916','2013-03-25 23:28:51.460916');
INSERT INTO "ingredients" VALUES(79,'fagioli',NULL,'2013-03-25 23:28:51.573158','2013-03-25 23:28:51.573158');
INSERT INTO "ingredients" VALUES(80,'scaglie di parmigiano',NULL,'2013-03-25 23:28:51.689394','2013-03-25 23:28:51.689394');
INSERT INTO "ingredients" VALUES(81,'noci',NULL,'2013-03-25 23:28:51.806637','2013-03-25 23:28:51.806637');
INSERT INTO "ingredients" VALUES(82,'olio di oliva',NULL,'2013-03-25 23:28:51.908124','2013-03-25 23:28:51.908124');
INSERT INTO "ingredients" VALUES(83,'feta',NULL,'2013-03-25 23:28:52.002316','2013-03-25 23:28:52.002316');
INSERT INTO "ingredients" VALUES(84,'olive',NULL,'2013-03-25 23:28:52.106463','2013-03-25 23:28:52.106463');
INSERT INTO "ingredients" VALUES(85,'polpa di granchio',NULL,'2013-03-25 23:28:52.232908','2013-03-25 23:28:52.232908');
INSERT INTO "ingredients" VALUES(86,'arancia',NULL,'2013-03-25 23:28:52.359291','2013-03-25 23:28:52.359291');
INSERT INTO "ingredients" VALUES(87,'aceto balsamico',NULL,'2013-03-25 23:28:52.485650','2013-03-25 23:28:52.485650');
INSERT INTO "ingredients" VALUES(88,'radicchio trevigiano',NULL,'2013-03-25 23:28:52.593811','2013-03-25 23:28:52.593811');
INSERT INTO "ingredients" VALUES(89,'pere',NULL,'2013-03-25 23:28:52.698070','2013-03-25 23:28:52.698070');
INSERT INTO "ingredients" VALUES(90,'cuori di palma',NULL,'2013-03-25 23:28:52.816229','2013-03-25 23:28:52.816229');
INSERT INTO "ingredients" VALUES(91,'germogli di soia',NULL,'2013-03-25 23:28:52.934284','2013-03-25 23:28:52.934284');
INSERT INTO "ingredients" VALUES(92,'menta',NULL,'2013-03-25 23:28:53.058153','2013-03-25 23:28:53.058153');
INSERT INTO "ingredients" VALUES(93,'sgombro',NULL,'2013-03-25 23:28:53.170225','2013-03-25 23:28:53.170225');
INSERT INTO "ingredients" VALUES(94,'carote',NULL,'2013-03-25 23:28:53.271700','2013-03-25 23:28:53.271700');
CREATE TABLE "beers" ("id" INTEGER PRIMARY KEY AUTOINCREMENT NOT NULL, "name" varchar(255), "manufacturer_id" integer, "strength" decimal, "container_id" integer, "lid_id" integer, "added_by" integer, "updated_by" integer, "created_at" datetime, "updated_at" datetime, "volume" decimal, "description" text);
INSERT INTO "beers" VALUES(2,'Heineken',5,5,1,3,NULL,NULL,'2013-03-31 16:46:45.645409','2013-03-31 16:46:45.645409',33,NULL);
INSERT INTO "beers" VALUES(3,'Beck''s',6,5,1,3,NULL,NULL,'2013-03-31 16:53:06.589812','2013-03-31 16:53:06.589812',33,NULL);
INSERT INTO "beers" VALUES(4,'Nastro Azzurro',8,5,1,3,NULL,NULL,'2013-03-31 16:57:31.092208','2013-03-31 16:59:32.818214',33,NULL);
INSERT INTO "beers" VALUES(5,'Dab Cruda',9,5,1,3,NULL,NULL,'2013-03-31 17:12:03.110014','2013-03-31 17:12:03.110014',33,NULL);
INSERT INTO "beers" VALUES(6,'Brahma',10,4.9,1,3,NULL,NULL,'2013-03-31 17:20:59.614464','2013-03-31 17:20:59.614464',33,NULL);
CREATE TABLE "beerstyles" ("id" INTEGER PRIMARY KEY AUTOINCREMENT NOT NULL, "name" varchar(255), "created_at" datetime, "updated_at" datetime);
INSERT INTO "beerstyles" VALUES(1,'Lager','2013-03-25 23:28:38.495489','2013-03-25 23:28:38.495489');
INSERT INTO "beerstyles" VALUES(2,'Stout','2013-03-25 23:28:38.602764','2013-03-25 23:28:38.602764');
INSERT INTO "beerstyles" VALUES(3,'White beer','2013-03-25 23:28:38.723112','2013-03-25 23:28:38.723112');
INSERT INTO "beerstyles" VALUES(5,'weiss','2013-03-25 23:28:40.192160','2013-03-25 23:28:40.192160');
INSERT INTO "beerstyles" VALUES(7,'doppio malto','2013-03-25 23:28:40.419726','2013-03-25 23:28:40.419726');
INSERT INTO "beerstyles" VALUES(8,'italiana analcolica','2013-03-25 23:28:40.529688','2013-03-25 23:28:40.529688');
INSERT INTO "beerstyles" VALUES(9,'premium','2013-03-25 23:28:40.649021','2013-03-25 23:28:40.649021');
INSERT INTO "beerstyles" VALUES(11,'pilsner','2013-03-31 16:50:18.565680','2013-03-31 16:50:18.565680');
INSERT INTO "beerstyles" VALUES(12,'dortmunder','2013-03-31 17:06:36.157205','2013-03-31 17:06:36.157205');
CREATE TABLE "manufacturers" ("id" INTEGER PRIMARY KEY AUTOINCREMENT NOT NULL, "name" varchar(255), "created_at" datetime, "updated_at" datetime);
INSERT INTO "manufacturers" VALUES(1,'Amsterdam Brewing Company','2013-03-25 23:28:38.025525','2013-03-25 23:28:38.025525');
INSERT INTO "manufacturers" VALUES(2,'Barley Days Brewery','2013-03-25 23:28:38.146101','2013-03-25 23:28:38.146101');
INSERT INTO "manufacturers" VALUES(3,'Brick Brewing Co. Ltd.','2013-03-25 23:28:38.266281','2013-03-25 23:28:38.266281');
INSERT INTO "manufacturers" VALUES(4,'Sleeman Brewing & Malting Co. Ltd.','2013-03-25 23:28:38.376016','2013-03-25 23:28:38.376016');
INSERT INTO "manufacturers" VALUES(5,'Heineken International','2013-03-31 16:02:50.556434','2013-03-31 17:00:57.703822');
INSERT INTO "manufacturers" VALUES(6,'Beck''s Brewery','2013-03-31 16:49:56.158042','2013-03-31 17:03:37.378049');
INSERT INTO "manufacturers" VALUES(7,'Nastro Azzurro','2013-03-31 16:54:39.331354','2013-03-31 16:54:39.331354');
INSERT INTO "manufacturers" VALUES(8,'Birra Peroni','2013-03-31 16:59:18.006721','2013-03-31 16:59:18.006721');
INSERT INTO "manufacturers" VALUES(9,'Radeberger','2013-03-31 17:06:00.186294','2013-03-31 17:06:00.186294');
INSERT INTO "manufacturers" VALUES(10,'Anheuser-Busch InBev','2013-03-31 17:17:08.528849','2013-03-31 17:17:08.528849');
CREATE TABLE "lids" ("id" INTEGER PRIMARY KEY AUTOINCREMENT NOT NULL, "name" varchar(255), "created_at" datetime, "updated_at" datetime);
INSERT INTO "lids" VALUES(1,'tappo a vite','2013-03-25 23:28:37.422579','2013-03-25 23:28:37.422579');
INSERT INTO "lids" VALUES(2,'tappo meccanico','2013-03-25 23:28:37.548656','2013-03-25 23:28:37.548656');
INSERT INTO "lids" VALUES(3,'tappo a corona','2013-03-31 16:06:56.066388','2013-03-31 16:07:02.832708');
CREATE TABLE "aromas" ("id" INTEGER PRIMARY KEY AUTOINCREMENT NOT NULL, "name" varchar(255), "created_at" datetime, "updated_at" datetime);
INSERT INTO "aromas" VALUES(1,'frizzante','2013-03-25 23:28:40.796898','2013-03-25 23:28:40.796898');
INSERT INTO "aromas" VALUES(2,'fresco','2013-03-25 23:28:40.918832','2013-03-25 23:28:40.918832');
INSERT INTO "aromas" VALUES(3,'tonificante','2013-03-25 23:28:41.036875','2013-03-25 23:28:41.036875');
INSERT INTO "aromas" VALUES(4,'dissettante','2013-03-25 23:28:41.154882','2013-03-25 23:28:41.154882');
INSERT INTO "aromas" VALUES(5,'malato amarognolo','2013-03-25 23:28:41.264252','2013-03-25 23:28:41.264252');
INSERT INTO "aromas" VALUES(6,'maltato','2013-03-31 17:18:29.988480','2013-03-31 17:18:29.988480');
INSERT INTO "aromas" VALUES(7,'amarognolo','2013-03-31 17:18:46.291340','2013-03-31 17:18:46.291340');
CREATE TABLE "colors" ("id" INTEGER PRIMARY KEY AUTOINCREMENT NOT NULL, "name" varchar(255), "created_at" datetime, "updated_at" datetime);
INSERT INTO "colors" VALUES(1,'chiaro','2013-03-25 23:28:38.866751','2013-03-25 23:28:38.866751');
INSERT INTO "colors" VALUES(2,'ambrato','2013-03-25 23:28:38.984357','2013-03-25 23:28:38.984357');
INSERT INTO "colors" VALUES(3,'dorato','2013-03-25 23:28:39.093610','2013-03-25 23:28:39.093610');
INSERT INTO "colors" VALUES(4,'oro','2013-03-31 16:11:07.384898','2013-03-31 16:11:07.384898');
INSERT INTO "colors" VALUES(5,'giallo paglierino','2013-03-31 16:55:48.572689','2013-03-31 16:55:48.572689');
INSERT INTO "colors" VALUES(6,'ramato','2013-03-31 17:19:27.100802','2013-03-31 17:19:27.100802');
CREATE TABLE "tastes" ("id" INTEGER PRIMARY KEY AUTOINCREMENT NOT NULL, "name" varchar(255), "created_at" datetime, "updated_at" datetime);
INSERT INTO "tastes" VALUES(1,'tonificante','2013-03-25 23:28:41.387004','2013-03-25 23:28:41.387004');
INSERT INTO "tastes" VALUES(2,'amabile','2013-03-25 23:28:41.509171','2013-03-25 23:28:41.509171');
INSERT INTO "tastes" VALUES(3,'secco','2013-03-25 23:28:41.612861','2013-03-25 23:28:41.612861');
INSERT INTO "tastes" VALUES(4,'agrumato','2013-03-25 23:28:41.711706','2013-03-25 23:28:41.711706');
INSERT INTO "tastes" VALUES(5,'fresco','2013-03-25 23:28:41.832113','2013-03-25 23:28:41.832113');
INSERT INTO "tastes" VALUES(6,'morbido','2013-03-25 23:28:41.951475','2013-03-25 23:28:41.951475');
INSERT INTO "tastes" VALUES(7,'gradevolmente amaro','2013-03-25 23:28:42.069508','2013-03-25 23:28:42.069508');
INSERT INTO "tastes" VALUES(8,'sopraffino','2013-03-25 23:28:42.179284','2013-03-25 23:28:42.179284');
CREATE TABLE "foams" ("id" INTEGER PRIMARY KEY AUTOINCREMENT NOT NULL, "name" varchar(255), "created_at" datetime, "updated_at" datetime);
INSERT INTO "foams" VALUES(1,'esuberante','2013-03-25 23:28:39.257558','2013-03-25 23:28:39.257558');
INSERT INTO "foams" VALUES(2,'fine','2013-03-25 23:28:39.364814','2013-03-25 23:28:39.364814');
INSERT INTO "foams" VALUES(3,'persistente','2013-03-25 23:28:39.490010','2013-03-25 23:28:39.490010');
INSERT INTO "foams" VALUES(4,'fitta','2013-03-25 23:28:39.609061','2013-03-25 23:28:39.609061');
INSERT INTO "foams" VALUES(5,'cremosa','2013-03-25 23:28:39.718665','2013-03-25 23:28:39.718665');
INSERT INTO "foams" VALUES(6,'compatta','2013-03-25 23:28:39.828273','2013-03-25 23:28:39.828273');
INSERT INTO "foams" VALUES(7,'ricca','2013-03-25 23:28:39.947816','2013-03-25 23:28:39.947816');
INSERT INTO "foams" VALUES(8,'aderente','2013-03-31 16:08:10.502870','2013-03-31 16:08:10.502870');
INSERT INTO "foams" VALUES(9,'abbondante','2013-03-31 16:52:29.914096','2013-03-31 16:52:29.914096');
CREATE TABLE "containers" ("id" INTEGER PRIMARY KEY AUTOINCREMENT NOT NULL, "name" varchar(255), "created_at" datetime, "updated_at" datetime);
INSERT INTO "containers" VALUES(1,'bottiglia','2013-03-25 23:28:37.678576','2013-03-25 23:28:37.678576');
INSERT INTO "containers" VALUES(2,'lattina','2013-03-25 23:28:37.785737','2013-03-25 23:28:37.785737');
INSERT INTO "containers" VALUES(3,'bottiglia ceramica','2013-03-25 23:28:37.903736','2013-03-25 23:28:37.903736');
CREATE TABLE "beers_colors" ("beer_id" integer, "color_id" integer);
INSERT INTO "beers_colors" VALUES(2,1);
INSERT INTO "beers_colors" VALUES(2,4);
INSERT INTO "beers_colors" VALUES(3,1);
INSERT INTO "beers_colors" VALUES(4,5);
INSERT INTO "beers_colors" VALUES(5,1);
INSERT INTO "beers_colors" VALUES(6,6);
CREATE TABLE "beers_foams" ("beer_id" integer, "foam_id" integer);
INSERT INTO "beers_foams" VALUES(2,6);
INSERT INTO "beers_foams" VALUES(2,8);
INSERT INTO "beers_foams" VALUES(3,9);
INSERT INTO "beers_foams" VALUES(3,6);
INSERT INTO "beers_foams" VALUES(4,5);
INSERT INTO "beers_foams" VALUES(5,9);
INSERT INTO "beers_foams" VALUES(5,5);
INSERT INTO "beers_foams" VALUES(6,2);
CREATE TABLE "beers_beerstyles" ("beer_id" integer, "beerstyle_id" integer);
INSERT INTO "beers_beerstyles" VALUES(2,1);
INSERT INTO "beers_beerstyles" VALUES(2,9);
INSERT INTO "beers_beerstyles" VALUES(3,11);
INSERT INTO "beers_beerstyles" VALUES(3,9);
INSERT INTO "beers_beerstyles" VALUES(4,11);
INSERT INTO "beers_beerstyles" VALUES(4,9);
INSERT INTO "beers_beerstyles" VALUES(5,12);
INSERT INTO "beers_beerstyles" VALUES(6,1);
CREATE TABLE "aromas_beers" ("aroma_id" integer, "beer_id" integer);
INSERT INTO "aromas_beers" VALUES(1,2);
INSERT INTO "aromas_beers" VALUES(2,2);
INSERT INTO "aromas_beers" VALUES(2,3);
INSERT INTO "aromas_beers" VALUES(3,3);
INSERT INTO "aromas_beers" VALUES(2,4);
INSERT INTO "aromas_beers" VALUES(3,4);
INSERT INTO "aromas_beers" VALUES(4,5);
INSERT INTO "aromas_beers" VALUES(2,5);
INSERT INTO "aromas_beers" VALUES(7,6);
INSERT INTO "aromas_beers" VALUES(6,6);
CREATE TABLE "beers_tastes" ("beer_id" integer, "taste_id" integer);
INSERT INTO "beers_tastes" VALUES(2,1);
INSERT INTO "beers_tastes" VALUES(3,2);
INSERT INTO "beers_tastes" VALUES(4,4);
INSERT INTO "beers_tastes" VALUES(4,3);
INSERT INTO "beers_tastes" VALUES(5,7);
INSERT INTO "beers_tastes" VALUES(5,6);
INSERT INTO "beers_tastes" VALUES(6,8);
CREATE TABLE "sandwiches" ("id" INTEGER PRIMARY KEY AUTOINCREMENT NOT NULL, "name" varchar(255), "created_at" datetime, "updated_at" datetime);
INSERT INTO "sandwiches" VALUES(1,'panino','2013-03-26 06:26:00.499436','2013-03-26 06:26:00.499436');
INSERT INTO "sandwiches" VALUES(2,'fantasia','2013-03-26 06:35:11.737505','2013-03-26 06:35:11.737505');
CREATE TABLE "ingredients_sandwiches" ("ingredient_id" integer, "sandwich_id" integer);
INSERT INTO "ingredients_sandwiches" VALUES(1,1);
INSERT INTO "ingredients_sandwiches" VALUES(47,1);
INSERT INTO "ingredients_sandwiches" VALUES(65,1);
INSERT INTO "ingredients_sandwiches" VALUES(2,2);
INSERT INTO "ingredients_sandwiches" VALUES(13,2);
INSERT INTO "ingredients_sandwiches" VALUES(14,2);
INSERT INTO "ingredients_sandwiches" VALUES(15,2);
INSERT INTO "ingredients_sandwiches" VALUES(65,2);
INSERT INTO "ingredients_sandwiches" VALUES(76,2);
INSERT INTO "ingredients_sandwiches" VALUES(78,2);
INSERT INTO "ingredients_sandwiches" VALUES(88,2);
INSERT INTO "ingredients_sandwiches" VALUES(89,2);
DELETE FROM sqlite_sequence;
INSERT INTO "sqlite_sequence" VALUES('roles',4);
INSERT INTO "sqlite_sequence" VALUES('lids',3);
INSERT INTO "sqlite_sequence" VALUES('containers',3);
INSERT INTO "sqlite_sequence" VALUES('manufacturers',10);
INSERT INTO "sqlite_sequence" VALUES('beerstyles',12);
INSERT INTO "sqlite_sequence" VALUES('colors',6);
INSERT INTO "sqlite_sequence" VALUES('foams',9);
INSERT INTO "sqlite_sequence" VALUES('aromas',7);
INSERT INTO "sqlite_sequence" VALUES('tastes',8);
INSERT INTO "sqlite_sequence" VALUES('ingredients',94);
INSERT INTO "sqlite_sequence" VALUES('sandwiches',2);
INSERT INTO "sqlite_sequence" VALUES('users',1);
INSERT INTO "sqlite_sequence" VALUES('beers',6);
CREATE UNIQUE INDEX "unique_schema_migrations" ON "schema_migrations" ("version");
CREATE UNIQUE INDEX "index_views_on_email" ON "views" ("email");
CREATE UNIQUE INDEX "index_views_on_reset_password_token" ON "views" ("reset_password_token");
CREATE UNIQUE INDEX "index_users_on_email" ON "users" ("email");
CREATE UNIQUE INDEX "index_users_on_reset_password_token" ON "users" ("reset_password_token");
COMMIT;
